{
  "Text-only": [
    0.8833,
    0.8831,
    0.9549
  ],
  "Image-only": [
    0.8167,
    0.8163,
    0.8999
  ],
  "Behavior-only": [
    0.6333,
    0.6284,
    0.6224
  ],
  "Concat": [
    0.8667,
    0.8658,
    0.9132
  ],
  "Weighted": [
    0.9083,
    0.9083,
    0.9725
  ],
  "MISA": [
    0.8083,
    0.8081,
    0.8865
  ],
  "HAD-M3H": [
    0.85,
    0.8500416782439566,
    0.914071190211346
  ],
  "wo-CF": [
    0.825,
    0.8249392318911035,
    0.9001668520578421
  ],
  "wo-MC": [
    0.8333333333333334,
    0.8331940963519912,
    0.9126807563959956
  ],
  "wo-IM": [
    0.8,
    0.7980419580419581,
    0.8712458286985539
  ],
  "wo-LSTM": [
    0.7083333333333334,
    0.708231884057971,
    0.7619577308120135
  ],
  "wo-BF": [
    0.825,
    0.8244521739130435,
    0.9174082313681869
  ]
}